-- phpMyAdmin SQL Dump
-- version 4.9.2
-- https://www.phpmyadmin.net/
--
-- Servidor: localhost
-- Tiempo de generación: 17-01-2020 a las 01:14:00
-- Versión del servidor: 10.4.11-MariaDB
-- Versión de PHP: 7.4.1

SET SQL_MODE = "NO_AUTO_VALUE_ON_ZERO";
SET AUTOCOMMIT = 0;
START TRANSACTION;
SET time_zone = "+00:00";


/*!40101 SET @OLD_CHARACTER_SET_CLIENT=@@CHARACTER_SET_CLIENT */;
/*!40101 SET @OLD_CHARACTER_SET_RESULTS=@@CHARACTER_SET_RESULTS */;
/*!40101 SET @OLD_COLLATION_CONNECTION=@@COLLATION_CONNECTION */;
/*!40101 SET NAMES utf8mb4 */;

--
-- Base de datos: `inventario`
--

-- --------------------------------------------------------

--
-- Estructura de tabla para la tabla `area`
--

CREATE TABLE `area` (
  `id_area` varchar(2) NOT NULL,
  `nombre_area` varchar(62) DEFAULT NULL,
  `abr_area` varchar(19) DEFAULT NULL
) ENGINE=InnoDB DEFAULT CHARSET=utf8mb4;

--
-- Volcado de datos para la tabla `area`
--

INSERT INTO `area` (`id_area`, `nombre_area`, `abr_area`) VALUES
('01', 'DIRECCION GENERAL', 'DIR_GENERAL'),
('02', 'SUB-DIRECCION', 'SUB.DIR'),
('03', 'ORGANO DE CONTROL INSTITUCIONAL', 'OCI-CONTROL INTERNO'),
('04', 'CONSEJO REGIONAL DE SALUD', 'CRS'),
('05', 'OFICINA EJECUTIVA DE GESTION Y DESARROLLO DE RECURSOS HUMANOS.', 'OEGDRR.HH'),
('06', 'OFICINA EJECUTIVA DE ADMINISTRACION', 'OEA'),
('07', 'OFICINA DE ABASTECIMIENTO Y SERVICIOS AUXILIARES', 'OASA.'),
('08', 'OFICINA DE CONTABILIDAD Y TESORERIA', 'OCT'),
('09', 'OFICINA DE ASESORIA JURICA', 'OAJ'),
('10', 'OFICINA EJECUTIVA DE PLANIFICACION Y FINANZAS', 'OEPF'),
('11', 'OFICINA DE FINANZAS', 'OF'),
('12', 'OFICINA DE INFORMATICA ESTADISTICA Y TELECOMUNICACIONES', 'OIET'),
('13', 'OFICINA DE PLANEAMIENTO Y GESTION INSTITUCIONAL', 'OPGI'),
('14', 'DIRECCION EJECUTIVA DE SALUD COLECTIVA', 'DESC'),
('15', 'DIRECCION PROMOCION DE LA SALUD', 'DPS'),
('16', 'DIRECCION DE SALUD AMBIENTAL', 'DSA'),
('17', 'DIRECCION EJECUTIVA DE VIGILANCIA EN SALUD PUBLICA', 'DEVSP'),
('18', 'DIRECCION DE EPIDEMIOLOGIA EMERGENCIA Y DESASTRES', 'DEED'),
('19', 'DIRECCION DE EDUCACION E INVESTIGACION PARA LA SALUD', 'DEIS'),
('20', 'DIRECCION DE LABORATORIO REGIONAL', 'DLR'),
('21', 'DIRECCION EJECUTIVA DE SALUD DE LAS PERSONAS', 'DESP'),
('22', 'DIRECCION DE ATENCION INTEGRAL Y CALIDAD EN SALUD', 'DAIS'),
('23', 'DIRECCION DE MEDICAMENTOS INSUMOS Y DROGAS', 'DMID'),
('24', 'DIRECCION DE SERVICIOS EN SALUD', 'DSS'),
('25', 'DIRECCION DE ASEGURAMIENTO PUBLICO', 'DAP'),
('26', 'SISTEMA DE ATENCION MOVIL DE URGENCIAS Y EMERGENCIAS', 'SAMU'),
('99', 'SIN AREA', 'SN');

-- --------------------------------------------------------

--
-- Estructura de tabla para la tabla `empleado`
--

CREATE TABLE `empleado` (
  `dni_empleado` varchar(8) NOT NULL,
  `id_area` varchar(2) DEFAULT NULL,
  `nombre_empleado` varchar(50) DEFAULT NULL
) ENGINE=InnoDB DEFAULT CHARSET=utf8mb4;

--
-- Volcado de datos para la tabla `empleado`
--

INSERT INTO `empleado` (`dni_empleado`, `id_area`, `nombre_empleado`) VALUES
('10019717', '08', 'ALARCON CARDENAS ABIMAEL PAVEL'),
('10152979', '23', 'PACHECO CARDENAS MARIA JESUS'),
('10644407', '18', 'GONZALES VEGA WALTER ZOSIMO'),
('10653706', '22', 'HUAMANI GOMEZ OMAR LUIS'),
('15412090', '16', 'HUAMAN ORE ANA CRISTINA'),
('16013582', '12', 'SIFUENTES MENDOZA RAUL HUGO'),
('20072659', '06', 'RAZABAL CUPE ELMER'),
('20650771', '07', 'CAMARENA FERNANDEZ GALINDO PABLO'),
('20670830', '16', 'BACILIO MEZA ROSALUZ MARIA'),
('21403015', '22', 'SALCEDO MARTINEZ JORGE PAULINO'),
('21445498', '03', 'CHOQUE ESCRIBA JACINTO DIOMEDES'),
('21446602', '05', 'SEGOVIA MEZA LUIS FRANCISCO'),
('21450004', '23', 'TENORIO CACERES NELIDA TOMASA'),
('21493320', '21', 'ANICAMA BARRIOS YENI ARACELI'),
('21526553', '23', 'PEÑA CASTILLO GLORIA ISABEL'),
('21527645', '23', 'TOMAIRO LOPEZ EVA EDITH'),
('21537687', '08', 'GARCIA AMAYA MANUEL JESUS'),
('21553427', '23', 'SULCARAYMI CAYAMPI YULY'),
('21555205', '22', 'MEDINA SULCA VLADIMIR'),
('21565973', '01', 'BEDRIÑANA CARRASCO WALTER'),
('21574797', '12', 'JURADO LEVANO CARMEN ANGELICA'),
('21576767', '06', 'KISICH QUISPE RAUL'),
('21782563', '13', 'ROJAS ORMEÑO JUAN ARTURO'),
('21784725', '16', 'PALOMINO AYBAR MAXIMO'),
('21814525', '23', 'ORELLANA GIRON MARIA LUISA'),
('21871552', '21', 'YEREN VALENCIA CARMEN LUISA'),
('21874448', '16', 'AQUIJE ALVAREZ SANDRA MARIELA'),
('23980090', '20', 'SERNAQUE GUTIERREZ WALTER WILBER'),
('24002917', '23', 'HUARCAYA PIZARRO VLADIMIR FERNANDO'),
('2416486', '22', 'ESCOBEDO APAZA PRISCILA LAURA'),
('25811479', '21', 'GUTIERREZ PEREZ VILMA AURORA'),
('28200418', '24', 'CUENTAS ROBLES MISAEL'),
('28201962', '15', 'BAUTISTA DE ARGUMEDO LUISA'),
('28202550', '18', 'CORONEL CORNEJO DOLORES SOCORRO'),
('28202553', '10', 'APARICIO MEJIA DORA RINA'),
('28202726', '05', 'USCATA MALDONADO CIRIA ZENAIDA'),
('28202729', '22', 'LESCANO MORALES FABIAN'),
('28202789', '22', 'HUAMAN CARDENAS ODILON'),
('28203154', '07', 'MENDIETA AMAO MARIA JESUS'),
('28203155', '08', 'PRADO CISNEROS LEANDRO'),
('28203176', '12', 'YUPANQUI FLORES JUBELIO'),
('28203624', '05', 'MORANTE TRIGOSO CARMEN DIONISIA'),
('28203635', '22', 'SOLORZANO MENDOZA JOSE GIL'),
('28203642', '12', 'RIVERA ACOSTA EDY'),
('28203647', '20', 'VEGA SALAS JOSE ARMANDO'),
('28203648', '06', 'CASAVERDE DE VEGA ROSA AURORA'),
('28203649', '13', 'CARRASCO BELLOTA MARIO WALTER'),
('28203661', '05', 'LOPEZ CORDOVA JULIO'),
('28203675', '05', 'NINAPAYTAN COSTA DE RUIZ SILVIA YULY'),
('28203692', '02', 'SANCHEZ MEDINA OLGA CLEMENTINA'),
('28203703', '07', 'SANTIAGO PEÑA JULIO'),
('28203721', '18', 'HINOSTROZA TINEO TEOFANES'),
('28203725', '05', 'ALVAREZ TUPIA CESAR ALFREDO'),
('28203797', '05', 'SACCATOMA HUAMANI MARINO'),
('28204565', '08', 'BEJAR PAUCAR SOFIA'),
('28204587', '10', 'GIL GUILLEN TULIO DANTE'),
('28204665', '07', 'MOLERO AÑAÑOS VILMA MARGOT'),
('28204700', '22', 'CAMARENA LINO DEDA'),
('28204719', '07', 'TACURI CONDE WALTER'),
('28204803', '08', 'SILVA SANTIAGO MANUEL'),
('28204844', '22', 'RODRIGUEZ CALDERON ELIAS'),
('28204957', '08', 'PRADO LLALLAHUI JESUS MARTINA'),
('28205210', '05', 'CORDOVA OCHOA JULIO DANTE'),
('28205254', '05', 'GUTIERREZ ZAPATA MISAEL'),
('28205804', '22', 'ARONE HUAMANI GAUDENCIO'),
('28206743', '12', 'FUENTES CORAS MARGTH'),
('28208889', '22', 'VALLEJO CORAS ZOZIMA NATALI'),
('28209865', '20', 'MENESES MENESES MYRIAM SOLEDAD'),
('28211011', '12', 'MELENDEZ MONTOYA ASENCIONA ALICIA'),
('28211841', '05', 'BENITES MENDEZ EDGAR'),
('28212629', '03', 'CAVERO GONZALES FRIDA BEATRIZ'),
('28213078', '06', 'GOMEZ PRADO JORGE'),
('28213331', '09', 'RIVAS CERVANTES LUCERO DANTE'),
('28215223', '05', 'YAURI FERNANDEZ HIPOLITO'),
('28215881', '24', 'CUNTO ARONE MAGDALENA'),
('28216000', '18', 'GARCIA HUAYTA VICTOR RUBEN'),
('28217399', '10', 'HUAYANAY QUISPE ANDRES MOISES'),
('28218442', '05', 'OLARTE SULCA VICENTE PAUL'),
('28219376', '20', 'LOPEZ AURIS JESUS'),
('28219741', '08', 'TREJO ESPINOZA LUCIN EUGEN'),
('28221196', '05', 'VILLACRESIS ESPINOZA ALEJANDRO'),
('28221273', '16', 'HERRERA CHENET CARMEN ORFELINDA'),
('28221563', '22', 'ARBAYZA RAMIREZ MAURA'),
('28223199', '05', 'JANAMPA PRETELL JUSTO'),
('28223467', '20', 'GUERRERO QUINCHO SILVIA'),
('28224112', '99', 'JAUREGUI ALARCON DANTE WILFREDO'),
('28224553', '05', 'MEDRANO SAUÑE JULIO'),
('28224826', '16', 'BEINGOLEA CORDOVA VICTOR ROMULO'),
('28225090', '99', 'AGUILAR PAREDES MOISES ROLANDO'),
('28225779', '22', 'CARDENAS CORAS MARIA CLEOFE'),
('28226332', '07', 'ROMANI A EMILIO'),
('28227057', '22', 'GUERRA VALENCIA VIRGILIA JESUS'),
('28227412', '99', 'SANTOS CARPIO FIDEL'),
('28227697', '99', 'CHIPANA HINOSTROZA HERNAN'),
('28227762', '22', 'ALCARRAZ CURI RICARDO'),
('28228003', '16', 'BERROCAL AVILES JUAN FELIX'),
('28228190', '08', 'MEDRANO SAUÑE FELIPE'),
('28228528', '07', 'CISNEROS NINA SONIA CAROLA'),
('28237019', '07', 'SAAVEDRA SILVERA ORLANDO SOCRATES'),
('28237033', '12', 'CHOQUE PARCO ALBERTA'),
('28237498', '23', 'ORIUNDO GUILLEN GLICERIO'),
('28243011', '22', 'QUINTANILLA CHAVEZ NOIME'),
('28243203', '13', 'CUCHUÑAUPA CARDENAS RAUL'),
('28243408', '22', 'FLORES RODRIGUEZ HILDA'),
('28243812', '16', 'DE LA CRUZ QUISPE WILER HUGO'),
('28247957', '22', 'CORDERO CONDORI AVELINO'),
('28248255', '05', 'MALDONADO QUISPE GRACIELA'),
('28248472', '22', 'RAMIREZ LAGOS MIGUEL ANGEL'),
('28250837', '18', 'BONILLA GARCIA IVAN'),
('28251050', '23', 'GODOY YUPANQUI PETRONILA'),
('28259327', '07', 'YAURI BAUTISTA SATURNINO'),
('28260001', '08', 'PRADO AMBAS NICOLAS'),
('28260040', '09', 'DELGADILLO NINA DIOGENES'),
('28260200', '07', 'URBINA DE FLORES GABRIELA'),
('28260542', '22', 'LUZA OGOSE MARIA'),
('28260746', '08', 'RIVAS CERVANTES JESUS MARIA'),
('28261128', '09', 'MARISCAL MARTINEZ MIGUEL DANIEL'),
('28261694', '08', 'FLORES CONTRERAS RUBEN'),
('28261926', '07', 'YUPANQUI QUISPE BONIFACIO'),
('28263464', '22', 'SALCEDO MORALES REYNALDO'),
('28263927', '08', 'MALDONADO NUÑEZ FILOMENA'),
('28264142', '07', 'CHAVEZ YUPANQUI ALEJANDRO'),
('28265432', '23', 'ALFARO ASTORIMA RUDY MARCIAL'),
('28267871', '18', 'MACHACA REJAS HERMOGENES ZOSIMO'),
('28268119', '18', 'SANTOS ARENAS NANCY'),
('28268169', '15', 'CARDENAS GARCIA LUDY MARIEL'),
('28269063', '05', 'JUAREZ CABEZAS ARMANDO'),
('28269123', '20', 'BARRIENTOS SERNA TEOFILA'),
('28269298', '22', 'CARRASCO ARONES MILAGRITOS'),
('28269401', '07', 'HURTADO GARCIA CESAR'),
('28269805', '99', 'QUINTANILLA BETALLELUZ JORGE'),
('28269867', '23', 'ORE MALMACEDA FREDY'),
('28269923', '22', 'MEDINA PEREZ JANETH YESILA'),
('28270448', '07', 'QUISPE GALVEZ TEODORO'),
('28271183', '18', 'FLORES ALFARO JAVIER'),
('28271464', '18', 'HUAMANI PALOMINO AMADEA'),
('28271674', '22', 'LOZANO REVOLLAR CARMEN ROSA'),
('28271787', '07', 'CONDORI CASAFRANCA MARCELINO'),
('28271791', '22', 'ESCOBAR AGUILAR ZENON TARCISIO'),
('28271934', '25', 'CUBA GOMEZ JOSE ALFREDO'),
('28272122', '13', 'MENESES MENESES YURI AGAPITO'),
('28272377', '07', 'LLACTAHUAMAN SACSARA PEDRO'),
('28273447', '05', 'PALOMINO MENESES VICTOR MANUEL'),
('28273591', '22', 'PANIAGUA SEGOVIA MARIA FELICITAS'),
('28273757', '22', 'HUAMANI QUICAÑO ZENON'),
('28275498', '08', 'JERI ROJAS JUDY CELSA'),
('28275866', '22', 'OCHOA RAMOS LIDIA'),
('28275920', '08', 'HUAYHUALLA SAUÑE JUDIT'),
('28275948', '22', 'ALARCON VILA TANIA MERCEDES'),
('28281771', '16', 'ORE OZEJO JUAN CARLOS'),
('28284273', '05', 'TOLEDO CISNEROS GLADYS'),
('28285512', '20', 'CANGANA HUAJE JUAN'),
('28286660', '10', 'VARGAS CUBA FELIX HERNAN'),
('28287461', '99', 'LOPEZ BONILLA GLADIS DINA'),
('28288170', '01', 'TINCO BAUTISTA JOHN ROBERT'),
('28289183', '24', 'TENORIO LAGOS RUBEN'),
('28289447', '16', 'PEREZ LAURENTE JOHN PERCY'),
('28289507', '09', 'CARDENAS PALOMINO LILIAN ANNETTE'),
('28289699', '23', 'GODOY MARTINEZ ELVIO'),
('28289808', '20', 'HUAMANCUSI MAURICIO HECTOR EVELARDO'),
('28289964', '24', 'ARCE HERNANDEZ YANETH'),
('28290277', '07', 'REQUEJO YANCE LUIS ANTONIO'),
('28290691', '15', 'HUAMANCHAO PAQUIYAURI MARITZA'),
('28291641', '22', 'FIGUEROA GUEVARA MIGUEL FABRIZIO'),
('28291879', '18', 'GARCIA APAICO VANESSA'),
('28291882', '24', 'OLIVARES TINEO DANA MILUSKA'),
('28292417', '18', 'CORAS CRUZ BEATRIZ CECILIA'),
('28292585', '22', 'PALOMINO HUAYANAY MARTHA TERESA'),
('28293177', '07', 'ROJAS PRADO EDER'),
('28293750', '22', 'GUILLEN ALCA RAYDA'),
('28294059', '22', 'GONZALES ROJAS MARTHA'),
('28294772', '16', 'CONDORPUSA YUPANQUI JACKELINE MIRLA'),
('28294874', '11', 'LAPA BERROCAL WILLIAM'),
('28295184', '08', 'OGOSI CUSICAHUA JANET DORIS'),
('28295261', '24', 'PASTOR SALCEDO MARIO ANDRES'),
('28295830', '21', 'BAUTISTA PRADO CLEYMER'),
('28296592', '08', 'GALVEZ MENDOZA CARMEN'),
('28298552', '10', 'POMA RODRIGUEZ VICTORIA'),
('28298556', '03', 'OBREGON PANTIGOSO CESAR AUGUSTO'),
('28298586', '07', 'YUPANQUI JAUREGUI NOEMI ALBINA'),
('28298769', '24', 'ACORI TINOCO ADSEL'),
('28299459', '09', 'PROAÑO CHUCHON LOURDES DEL PILAR'),
('28300540', '22', 'LAURA ROCA DONATO'),
('28302957', '08', 'JANAMPA AUQUI ANGEL ALEJANDRO'),
('28303223', '20', 'CHUMBE HUAUYA HUMBERTO'),
('28303824', '09', 'MARTINEZ AYALA NOELIA'),
('28305513', '07', 'TINEO MOROTE CONSTANTINA'),
('28306318', '08', 'GONZALEZ HINOSTROZA URSULA'),
('28307201', '22', 'ALEMAN MUÑINCO ROSARIO'),
('28307323', '15', 'YUPANQUI PILLIHUAMAN EDUAR'),
('28307555', '19', 'PAUCCA JAULES FAUSTINO'),
('28308609', '23', 'BONILLA JERI WILLIAMS'),
('28308611', '23', 'UNTIVEROS BONILLA MARIA ROXANA'),
('28309199', '22', 'MELGAR SALCEDO FLOR DE MARIA'),
('28309508', '20', 'QUISPE LLANTOY EDITH'),
('28310314', '03', 'AROTINCO PALOMINO PERCY VICTOR'),
('28310443', '07', 'BAUTISTA GOMEZ PERCY'),
('28310978', '22', 'QUISPE GUILLEN YANETT MARLENE'),
('28311173', '13', 'LLALLAHUI HUAMANI WILLIAM'),
('28311181', '11', 'COLONIO GARCIA MARGOT'),
('28311911', '05', 'UBILLUZ MEJIA ALEJANDRINO'),
('28312410', '16', 'INFANZON ESCOBAR HUGO'),
('28313184', '18', 'QUISPE QUINTANA EDGAR AMERICO'),
('28313673', '22', 'PALOMINO ATAUQUI VIDAL ARTURO'),
('28314036', '01', 'SALVATIERRA LAPA ARMANDO WILBER'),
('28314624', '05', 'QUISPE DELGADILLO RAFAEL'),
('28315068', '15', 'ORE ABENDAÑO BRUNEL'),
('28315137', '23', 'CARRION DOMINGUEZ KRISTIAN'),
('28315285', '08', 'ASTORAY PEÑA YOVANA'),
('28315518', '18', 'SARMIENTO CASAVILCA ZAYDA GISELA'),
('28315540', '23', 'CALDERON NAVARRO RUBEN ABILIO'),
('28316020', '24', 'QUISPE FLORES SONIA'),
('28316161', '07', 'SERNA JORGE JAIME'),
('28441793', '23', 'HUALLANCA AYALA JORGE ANDRES'),
('28444980', '23', 'GANZALES YUYALI YANY LUZ'),
('28445067', '10', 'CARDENAS GUTIERREZ RAY EMERSON'),
('28590743', '08', 'ORE DE CHUCHON GENOVEBA'),
('28590785', '15', 'HUAMAN SOLDEVILLA OBDULIA'),
('28591097', '20', 'QUISPE FLORES SONIA'),
('28591426', '20', 'BAUTISTA ESQUIVEL ZENAIDA'),
('28591531', '13', 'AUCCAPUCLLA TAPAHUASCO YANET'),
('28600692', '24', 'REYES ARAUJO WALTER VICTOR'),
('28605229', '22', 'JAIME MALDONADO EFRAIN'),
('28854605', '05', 'LAVY LEON CARLOS ARTURO'),
('28965010', '22', 'CASTAÑEDA RODRIGUEZ JUAN LINO'),
('28981490', '24', 'GARCIA ALATA HERNAN BONIFACIO'),
('31169958', '20', 'GUILLEN MORENO MARIA JESUS'),
('31183153', '15', 'LARA ROMANI EDGARD'),
('40035392', '23', 'ROJAS GARAY ALFREDO'),
('40091473', '09', 'ARONES JARA SANDRA'),
('40125714', '07', 'VALENCIA RIOS MARIO WILLIAM'),
('40128521', '22', 'REVOLLAR OCHATOMA ELIZABETH PELAGIA'),
('40138401', '06', 'VENANCINO MORALES MANUEL'),
('40142958', '10', 'PALOMINO IPURRE ANA MARIA'),
('40259547', '05', 'GUZMAN PALOMINO OBED LEONARDO'),
('40312743', '23', 'JERI CANCHARI YENY MARIBEL'),
('40361949', '15', 'ZUÑIGA MEDINA KLARIS'),
('40441330', '07', 'LOZANO TUPIA EDILBERTO'),
('40464262', '23', 'ESPINOZA MARMOLEJO ANGEL'),
('40471675', '22', 'HUAMAN BARZOLA JUDITH'),
('40537600', '22', 'FERNANDEZ ASTECKER JORGE LUIS'),
('40538412', '11', 'BORDA ALVIZURI ENVER'),
('40603449', '16', 'LLAMOCCA MACHUCA EDGAR'),
('40615801', '01', 'CCAICURI YUPANQUI GLADYS DESIDERIA'),
('40631812', '25', 'MENESES PEÑA NADIUSKA'),
('40692627', '07', 'RODRIGUEZ GOMEZ MIRTHA BEATRIZ'),
('40755730', '22', 'GONZALEZ HUAUYA LIZ RAQUEL'),
('40760481', '08', 'HUAMANI HUALLANCA DENISSE KARINA'),
('40790918', '24', 'DEL PINO VERAN SONIA AMPARO'),
('40804904', '24', 'TIPE DE LA CRUZ GISELA'),
('40843376', '22', 'LEON CORZO CARLOS ALONSO'),
('40849401', '22', 'DAMIAN ANAYA LILIANA'),
('40938567', '23', 'TORRES CALLE YAKELIN'),
('40975746', '22', 'PACHAS GRADOS JESSICA'),
('41029508', '25', 'PAYANO ROJAS JUDITH ROSARIO'),
('41050905', '22', 'ALTAMIRANO CHACCHI ROCIO JANET'),
('41063423', '16', 'SALVATIERRA LIVIA JEANNE'),
('41153367', '20', 'AGUILAR IGNACIO NELSON'),
('41223671', '16', 'GONZALES ARONES OTTO OSWALDO'),
('41231752', '99', 'LARA CABRERA YULIANA ESPERANZA'),
('41265283', '25', 'ANCHANTE FLORES SINTHIA ALACIEL'),
('41382470', '24', 'CAJO YAURI MILAGROS ISABEL'),
('41456878', '18', 'CONTRERAS VILLANUEVA NOEMI PILAR'),
('41543083', '22', 'MOROTE HUAYTALLA YOVANA'),
('41590518', '22', 'GUTIERREZ ESCOBAR RONALD JAIME'),
('41594518', '21', 'CISNEROS AYALA EDWIN'),
('41666505', '20', 'SOLORZANO GUERREROS MAX PEDRO'),
('41706196', '09', 'RODRIGUEZ ARIMANA JAIME'),
('41718862', '12', 'CONDORI JANAMPA CAYO'),
('41748153', '22', 'LOPEZ VERA LESLIE MAGALY'),
('41788186', '06', 'AGUIRRE RAMOS HILMER'),
('41808870', '18', 'ROCA QUISPE ROCIO LORENA'),
('41879471', '99', 'PRADO PALOMINO PABLO RINALDO'),
('41896255', '06', 'PRADO RAMOS RONALD'),
('41903636', '07', 'VARGAS ORIUNDO RICHAR'),
('41915252', '99', 'GUTIERREZ CAHUANA IVON'),
('41968413', '09', 'GOMEZ GUTIERREZ LOURDES'),
('41983226', '23', 'CAMPOS CARMEN GENARO LEONEL'),
('41993008', '12', 'SAUÑE RODRIGUEZ ROCKY ELEAZAR'),
('42062268', '22', 'QUISPE VALLEJO ELSE MAYU'),
('42062284', '07', 'GUILLEN MOORE JOHNY RANDY'),
('42097019', '01', 'VALLEJOS SALDAÑA SOLEDAD'),
('42180958', '23', 'MENDOZA PALOMINO IDEL GABRIEL'),
('42228731', '99', 'ALBITES VILLALOBOS JOSE LUIS'),
('42235864', '07', 'JAIME MALDONADO YOLANDA'),
('42252227', '18', 'RODRIGUEZ GOZME JESSENIA DEL PILAR'),
('42329069', '22', 'MENDOZA HUAMAN MELVIN JOEL'),
('42416589', '23', 'GOMEZ GAMARRA ROBERSSON VICTOR'),
('42445046', '20', 'QUISPE VEGA FREDY'),
('42454729', '20', 'CASTRO QUISPE MARCELINO'),
('42457440', '07', 'ALFARO SOVERO GIOVANA DEL PILAR'),
('42459539', '99', 'LEON LIZARBE MIGUEL ANGEL'),
('42556064', '16', 'MEDRANO RIVERA TONY'),
('42590460', '20', 'RIVAS QUISPE KARIM JULIANA'),
('42713007', '16', 'PEÑA ATAO EDER'),
('42796239', '23', 'SALAZAR POMA AUSBERTO'),
('42910203', '12', 'DURAND ARAUJO MIROSLAF JUMAR'),
('42913999', '24', 'ESPINOZA MORALES JUAN CARLOS'),
('42940805', '25', 'PARIONA AROTINCO LUZ MARIBEL'),
('42940906', '21', 'ALTAMIRANO CHACCHI KETY'),
('42957581', '09', 'ENCISO RONDINEL CARLOS RAUL'),
('43032465', '20', 'RODRIGUEZ PALOMINO DORILA'),
('43058353', '22', 'HUAMANI NAJARRO EDGARD WILSON'),
('43159238', '05', 'CAMPOS LAURA ELOY WASHINGTON'),
('43173990', '12', 'GUZMAN MANCILLA RUBEN WHATSON'),
('43189119', '05', 'SANTA MARIA MORAN DENNIS'),
('43238582', '99', 'RODRIGUEZ CARRASCO JHANINA'),
('43244588', '05', 'CURI CARRASCO MARIA LUZ'),
('43278853', '22', 'REYES SANTOS MARLON'),
('43332378', '05', 'HINOSTROZA DE LA CRUZ KATY CAROLINA'),
('43409286', '07', 'HUANCAHUARI MUÑOZ JOEL HENNER'),
('43495963', '09', 'LLANTOY BARBOZA ANGELO EDUARD'),
('43514961', '20', 'LAURA AYALA ROLY'),
('43650271', '12', 'GUTIERREZ GUISBERT JORGE ENRIQUE'),
('43660629', '07', 'LAURENTE CHIHUAN KAREN'),
('43737510', '25', 'CARDENAS CHAUCA ROMEL'),
('43855235', '20', 'HUARIPUMA MEDINA PAVEL FLORIAN'),
('43951057', '25', 'RUIZ RIVAS MIJAEL YESEL'),
('43975511', '05', 'CARDENAS CHAMORRO VILMA LUCIA'),
('43998496', '05', 'CHAVARRIA RIVEROS EDITH'),
('44080331', '09', 'PRADO ORTEGA ANGELA VANEZA'),
('44122100', '05', 'DE LAMA MORENO SOLANGE ROXANA'),
('44137098', '20', 'REMON TORRES MAX ALBERT'),
('44147253', '01', 'GUTIERREZ RAYME ABEL'),
('4416523', '18', 'QUISPE VICENTE MAXIMA ADELAYDA'),
('44193488', '99', 'ROBLES QUISPE EDSON ALE'),
('44209500', '09', 'VILCHEZ PAREDES SERGIO EMERSON'),
('44521636', '03', 'PALOMINO MUÑAQUI NATALI'),
('44750761', '18', 'SULCA JAYO GUISELA LUCY'),
('44770009', '20', 'LAGOS MENDIETA NOHELY TATIANA'),
('44770011', '99', 'GONZALES AYALA JANETT'),
('44856157', '08', 'GOMEZ HINOSTROZA DIOMEDIZ'),
('44887770', '05', 'LUYA CASTRO LUCY'),
('45061118', '12', 'QUICAÑO MARTINEZ MARLENY'),
('45094498', '09', 'CONZA PARI EDWIN'),
('45412933', '25', 'HUAMANI SUCAPUCA JEAN CARLOS'),
('45484306', '20', 'CHAVEZ MALLMA BANNY SHIRLEY'),
('45677185', '08', 'MAMANI BARRIENTOS ADERLYN'),
('45754738', '20', 'ARAMBURU VILLALTA IRVING'),
('45885045', '01', 'AMIQUERO ZOIQUI LOURDES'),
('45897351', '22', 'CUADROS SARMIENTO ELVIS ROBERTH'),
('46149969', '24', 'NAVARRO VALLEJOS LEYQUIUM RONIEE'),
('46154018', '12', 'CARPIO QUISPE SHEYLA CYNTHIA'),
('46307469', '09', 'DE LA CRUZ HUAMANI DEYSSY KATTHIANA'),
('47313957', '99', 'INGA QUISPE LUZ DORIS'),
('47727229', '24', 'QUISPE LAZO DIANA ORFA'),
('6728638', '07', 'ORE ESPINOZA VIDAL'),
('6884291', '13', 'CALDERON CHUMBILE MAXIMINO'),
('6960911', '21', 'BALTAZAR ACUÑA ANA MARGARITA'),
('70050623', '20', 'HINOSTROZA CHAUCA LIZETH PAOLA'),
('70499216', '12', 'JAYO CHOQUE ANDERSON ANTHONY'),
('7231944', '20', 'CHAVEZ ANAYA LIDIA'),
('7469395', '25', 'CHIVILCHEZ GOYZUETA PEDRO MARTIN'),
('7919137', '22', 'POZO CHAVEZ ENRIQUE'),
('7968300', '01', 'FERNANDEZ JIMENEZ CECILIA'),
('80024330', '24', 'MICHUE FERNANDEZ CARLOS'),
('80098857', '22', 'QUISPE SOTO WILFREDO'),
('80510397', '20', 'JOYO CASTRO IVAN'),
('80592720', '99', 'ESTEBAN SACIGA CARLOS ALBERTO'),
('80625434', '20', 'ROJAS PILLPE GOYO RAUL'),
('80683245', '20', 'CASTRO CUENCA BENEDICTO'),
('8343252', '11', 'JAYO COSEATADO MAXIMO'),
('8560133', '22', 'SALCEDO MARTINEZ LUZ BLANCA'),
('8804739', '22', 'HUAMANI BASILIO DE CISNEROS NELLY NIDIA'),
('8967299', '22', 'HUAMANI AGUERO MELQUIADES'),
('9121386', '23', 'PIZARRO MORALES DORIS'),
('9434222', '18', 'VARGAS OLIVARES VICTOR HUGO'),
('9548373', '07', 'DIAZ ALARCON AMADOR'),
('9566884', '22', 'ORIUNDO CARBAJAL KARIN'),
('9582481', '22', 'QUISPE MENDOZA MARISOL GABRIELA'),
('9599276', '10', 'DE LA CRUZ ORE ROBER'),
('9770924', '14', 'BRAVO BENAVIDES MARIA BEATRIZ'),
('9935497', '99', 'QUISPE YARUCURI RUBEN ROBERTO'),
('9964161', '12', 'CALDERON OROZCO GUIDO LINO'),
('9965814', '05', 'POZO RODRIGUEZ MELCHOR ELIAS'),
('﻿7148384', '25', 'GARCIA CUAREZ GRIMANESA RAQUEL');

-- --------------------------------------------------------

--
-- Estructura de tabla para la tabla `equipo`
--

CREATE TABLE `equipo` (
  `id_equipo` int(9) NOT NULL,
  `nombre_equipo` varchar(25) CHARACTER SET utf8 COLLATE utf8_spanish_ci NOT NULL,
  `marca_equipo` varchar(25) CHARACTER SET utf8 COLLATE utf8_spanish_ci DEFAULT NULL,
  `modelo_equipo` varchar(25) CHARACTER SET utf8 COLLATE utf8_spanish_ci DEFAULT NULL,
  `estado_equipo` varchar(15) CHARACTER SET utf8 COLLATE utf8_spanish_ci NOT NULL,
  `numero_serie` varchar(15) DEFAULT NULL,
  `codigo_activo` varchar(12) DEFAULT NULL,
  `dni_empleado` varchar(8) NOT NULL,
  `descripcion` varchar(50) CHARACTER SET utf8 COLLATE utf8_spanish_ci DEFAULT NULL
) ENGINE=InnoDB DEFAULT CHARSET=utf8mb4;

--
-- Volcado de datos para la tabla `equipo`
--

INSERT INTO `equipo` (`id_equipo`, `nombre_equipo`, `marca_equipo`, `modelo_equipo`, `estado_equipo`, `numero_serie`, `codigo_activo`, `dni_empleado`, `descripcion`) VALUES
(3, 'Impresora Multifuncional', 'Epson', 'CS-12312', 'Malo', '121212121212121', '111111111111', '21565973', 'impresora en estado nuevo'),
(4, 'Impresora Multifuncional', 'Epson', 'CS-12312', 'Malo', '121212121212121', '111111111111', '28203642', 'comprado el 31');

-- --------------------------------------------------------

--
-- Estructura de tabla para la tabla `estabilizador`
--

CREATE TABLE `estabilizador` (
  `id_estabilizador` int(3) NOT NULL,
  `marca_estabilizador` varchar(16) NOT NULL,
  `potencia_watts` varchar(10) CHARACTER SET utf8 COLLATE utf8_spanish_ci DEFAULT NULL,
  `potencia_va` varchar(10) CHARACTER SET utf8 COLLATE utf8_spanish_ci DEFAULT NULL,
  `tipo_estabilizador` varchar(13) NOT NULL,
  `numero_serie` varchar(15) DEFAULT NULL,
  `codigo_activo` varchar(12) DEFAULT NULL,
  `estado_estabilizador` varchar(15) CHARACTER SET utf8 COLLATE utf8_spanish_ci NOT NULL,
  `dni_empleado` varchar(8) NOT NULL
) ENGINE=InnoDB DEFAULT CHARSET=utf8mb4;

--
-- Volcado de datos para la tabla `estabilizador`
--

INSERT INTO `estabilizador` (`id_estabilizador`, `marca_estabilizador`, `potencia_watts`, `potencia_va`, `tipo_estabilizador`, `numero_serie`, `codigo_activo`, `estado_estabilizador`, `dni_empleado`) VALUES
(2, 'APC', '10k Watts', '1000 VA', 'UPS', '121212121212121', '111111111111', 'Nuevo', '28203642');

-- --------------------------------------------------------

--
-- Estructura de tabla para la tabla `Marca`
--

CREATE TABLE `Marca` (
  `id_marca` int(3) NOT NULL,
  `nombre_marca` varchar(20) NOT NULL,
  `tipo_marca` int(1) NOT NULL
) ENGINE=InnoDB DEFAULT CHARSET=utf8mb4;

--
-- Volcado de datos para la tabla `Marca`
--

INSERT INTO `Marca` (`id_marca`, `nombre_marca`, `tipo_marca`) VALUES
(1, 'dell', 1);

-- --------------------------------------------------------

--
-- Estructura de tabla para la tabla `pc`
--

CREATE TABLE `pc` (
  `id_pc` int(3) NOT NULL,
  `procesador_pc` varchar(20) CHARACTER SET utf8 COLLATE utf8_spanish_ci NOT NULL,
  `velocidad_pc` varchar(10) CHARACTER SET utf8 COLLATE utf8_spanish_ci NOT NULL,
  `memoria_ram` varchar(7) CHARACTER SET utf8 COLLATE utf8_spanish_ci NOT NULL,
  `almacenamiento` varchar(7) CHARACTER SET utf8 COLLATE utf8_spanish_ci NOT NULL,
  `tarjeta_video` varchar(15) DEFAULT NULL,
  `marca` varchar(8) DEFAULT NULL,
  `tipo_equipo` varchar(8) NOT NULL,
  `numero_serie` varchar(15) DEFAULT NULL,
  `modelo` varchar(15) DEFAULT NULL,
  `codigo_activo` varchar(12) DEFAULT NULL,
  `sistema_operativo` varchar(11) CHARACTER SET utf8 COLLATE utf8_spanish_ci NOT NULL,
  `estado` varchar(7) DEFAULT NULL,
  `dni_empleado` varchar(8) NOT NULL
) ENGINE=InnoDB DEFAULT CHARSET=utf8mb4;

--
-- Volcado de datos para la tabla `pc`
--

INSERT INTO `pc` (`id_pc`, `procesador_pc`, `velocidad_pc`, `memoria_ram`, `almacenamiento`, `tarjeta_video`, `marca`, `tipo_equipo`, `numero_serie`, `modelo`, `codigo_activo`, `sistema_operativo`, `estado`, `dni_empleado`) VALUES
(3, 'Intel Core I7 7330', '3.00 GHZ', '16 GB', '1 TB', 'Gforce GTX 1030', 'Lenovo', 'Servidor', '121212121212121', 'MTV-01', '111111111111', 'Windows 8.1', 'Regular', '21565973'),
(4, 'Intel Core I7 3330', '3.00 GHZ', '16 GB', '1 TB', 'Gforce GTX 1030', 'Lenovo', 'Laptop', '121212121212121', 'MTV-01', '111111111111', 'Windows 7', 'Regular', '28203642'),
(5, 'Intel Core I7 3330', '3.00 GHZ', '16 GB', '1 TB', 'Gforce GTX 1030', 'Lenovo', 'CPU', '121212121212121', 'MTV-01', '111111111111', 'Windows 8.1', 'Regular', '21565973'),
(6, 'Intel Core I7 3330', '3.00 GHZ', '16 GB', '1 TB', 'Gforce GTX 1030', 'Lenovo', 'CPU', '121212121212121', 'MTV-01', '111111111111', 'Windows 10', 'Nuevo', '21565973'),
(7, 'Intel Core I7 3330', '3.00 GHZ', '16 GB', '1 TB', '', '', 'CPU', '', '', '', 'Windows 10', 'Nuevo', '21565973'),
(8, 'Intel Core I5 3330', '3.00 GHz', '4 GB', '500 GB', '', '', 'CPU', '', '', '', 'Windows 10', 'Nuevo', '21565973');

-- --------------------------------------------------------

--
-- Estructura de tabla para la tabla `software`
--

CREATE TABLE `software` (
  `id_software` int(3) NOT NULL,
  `nombre_software` varchar(25) NOT NULL,
  `version_software` varchar(10) DEFAULT NULL,
  `licencia_software` varchar(2) DEFAULT NULL,
  `tipo_equipo_s` varchar(6) NOT NULL,
  `codigo_bien_s` varchar(12) DEFAULT NULL,
  `sistema_operativo` varchar(11) NOT NULL,
  `dni_empleado` varchar(8) NOT NULL
) ENGINE=InnoDB DEFAULT CHARSET=utf8mb4;

--
-- Índices para tablas volcadas
--

--
-- Indices de la tabla `area`
--
ALTER TABLE `area`
  ADD PRIMARY KEY (`id_area`);

--
-- Indices de la tabla `empleado`
--
ALTER TABLE `empleado`
  ADD PRIMARY KEY (`dni_empleado`),
  ADD KEY `id_area_idx` (`id_area`);

--
-- Indices de la tabla `equipo`
--
ALTER TABLE `equipo`
  ADD PRIMARY KEY (`id_equipo`),
  ADD KEY `dni_empleado_e_idx` (`dni_empleado`);

--
-- Indices de la tabla `estabilizador`
--
ALTER TABLE `estabilizador`
  ADD PRIMARY KEY (`id_estabilizador`),
  ADD KEY `dni_empleado_e_idx` (`dni_empleado`);

--
-- Indices de la tabla `Marca`
--
ALTER TABLE `Marca`
  ADD PRIMARY KEY (`id_marca`);

--
-- Indices de la tabla `pc`
--
ALTER TABLE `pc`
  ADD PRIMARY KEY (`id_pc`),
  ADD KEY `id_empleado_idx` (`dni_empleado`);

--
-- Indices de la tabla `software`
--
ALTER TABLE `software`
  ADD PRIMARY KEY (`id_software`),
  ADD KEY `dni_empleado_s_idx` (`dni_empleado`);

--
-- AUTO_INCREMENT de las tablas volcadas
--

--
-- AUTO_INCREMENT de la tabla `equipo`
--
ALTER TABLE `equipo`
  MODIFY `id_equipo` int(9) NOT NULL AUTO_INCREMENT, AUTO_INCREMENT=6;

--
-- AUTO_INCREMENT de la tabla `estabilizador`
--
ALTER TABLE `estabilizador`
  MODIFY `id_estabilizador` int(3) NOT NULL AUTO_INCREMENT, AUTO_INCREMENT=3;

--
-- AUTO_INCREMENT de la tabla `Marca`
--
ALTER TABLE `Marca`
  MODIFY `id_marca` int(3) NOT NULL AUTO_INCREMENT, AUTO_INCREMENT=2;

--
-- AUTO_INCREMENT de la tabla `pc`
--
ALTER TABLE `pc`
  MODIFY `id_pc` int(3) NOT NULL AUTO_INCREMENT, AUTO_INCREMENT=9;

--
-- AUTO_INCREMENT de la tabla `software`
--
ALTER TABLE `software`
  MODIFY `id_software` int(3) NOT NULL AUTO_INCREMENT;

--
-- Restricciones para tablas volcadas
--

--
-- Filtros para la tabla `empleado`
--
ALTER TABLE `empleado`
  ADD CONSTRAINT `fk_id_area_em` FOREIGN KEY (`id_area`) REFERENCES `area` (`id_area`) ON DELETE NO ACTION ON UPDATE NO ACTION;

--
-- Filtros para la tabla `equipo`
--
ALTER TABLE `equipo`
  ADD CONSTRAINT `fk_dni_empleado_eq` FOREIGN KEY (`dni_empleado`) REFERENCES `empleado` (`dni_empleado`) ON DELETE NO ACTION ON UPDATE NO ACTION;

--
-- Filtros para la tabla `estabilizador`
--
ALTER TABLE `estabilizador`
  ADD CONSTRAINT `fk_dni_empleado_es` FOREIGN KEY (`dni_empleado`) REFERENCES `empleado` (`dni_empleado`) ON DELETE NO ACTION ON UPDATE NO ACTION;

--
-- Filtros para la tabla `pc`
--
ALTER TABLE `pc`
  ADD CONSTRAINT `fk_dni_empleado_pc` FOREIGN KEY (`dni_empleado`) REFERENCES `empleado` (`dni_empleado`) ON DELETE NO ACTION ON UPDATE NO ACTION;

--
-- Filtros para la tabla `software`
--
ALTER TABLE `software`
  ADD CONSTRAINT `fk_dni_empleado_sw` FOREIGN KEY (`dni_empleado`) REFERENCES `empleado` (`dni_empleado`) ON DELETE NO ACTION ON UPDATE NO ACTION;
COMMIT;

/*!40101 SET CHARACTER_SET_CLIENT=@OLD_CHARACTER_SET_CLIENT */;
/*!40101 SET CHARACTER_SET_RESULTS=@OLD_CHARACTER_SET_RESULTS */;
/*!40101 SET COLLATION_CONNECTION=@OLD_COLLATION_CONNECTION */;
